MMSI,VesselName,VesselType,Timestamp,Latitude,Longitude,SOG,COG,Heading
419000111,MV Ocean Pioneer,Crude Oil Tanker,2024-05-10T06:00:00+00:00,14.776257,71.849776,12.0,155.0,155.0
419000111,MV Ocean Pioneer,Crude Oil Tanker,2024-05-10T07:00:00+00:00,14.957193,71.937332,12.0,155.0,155.0
419000111,MV Ocean Pioneer,Crude Oil Tanker,2024-05-10T08:00:00+00:00,15.138129,72.024888,12.0,155.0,155.0
419000111,MV Ocean Pioneer,Crude Oil Tanker,2024-05-10T09:00:00+00:00,15.319064,72.112444,12.0,155.0,155.0
419000111,MV Ocean Pioneer,Crude Oil Tanker,2024-05-10T10:00:00+00:00,15.5,72.2,12.0,155.0,155.0
419000111,MV Ocean Pioneer,Crude Oil Tanker,2024-05-10T11:00:00+00:00,15.680936,72.287556,12.0,155.0,155.0
419000111,MV Ocean Pioneer,Crude Oil Tanker,2024-05-10T12:00:00+00:00,15.861871,72.375112,12.0,155.0,155.0
419000111,MV Ocean Pioneer,Crude Oil Tanker,2024-05-10T13:00:00+00:00,16.042807,72.462668,12.0,155.0,155.0
419000111,MV Ocean Pioneer,Crude Oil Tanker,2024-05-10T14:00:00+00:00,16.223743,72.550224,12.0,155.0,155.0
419000111,MV Ocean Pioneer,Crude Oil Tanker,2024-05-10T15:00:00+00:00,16.404679,72.63778,12.0,155.0,155.0
419000111,MV Ocean Pioneer,Crude Oil Tanker,2024-05-10T16:00:00+00:00,16.585614,72.725337,12.0,155.0,155.0
419000111,MV Ocean Pioneer,Crude Oil Tanker,2024-05-10T17:00:00+00:00,16.76655,72.812893,12.0,155.0,155.0
419000111,MV Ocean Pioneer,Crude Oil Tanker,2024-05-10T18:00:00+00:00,16.947486,72.900449,12.0,155.0,155.0
419000111,MV Ocean Pioneer,Crude Oil Tanker,2024-05-10T19:00:00+00:00,17.128422,72.988005,12.0,155.0,155.0
419000111,MV Ocean Pioneer,Crude Oil Tanker,2024-05-10T20:00:00+00:00,17.309357,73.075561,12.0,155.0,155.0
419000222,MT Coastal Trader,Container Ship,2024-05-10T06:00:00+00:00,15.452267,69.323864,18.0,90.0,90.0
419000222,MT Coastal Trader,Container Ship,2024-05-10T07:00:00+00:00,15.456475,69.634627,18.0,90.0,90.0
419000222,MT Coastal Trader,Container Ship,2024-05-10T08:00:00+00:00,15.456814,69.945391,18.0,90.0,90.0
419000222,MT Coastal Trader,Container Ship,2024-05-10T09:00:00+00:00,15.452973,70.256154,18.0,90.0,90.0
419000222,MT Coastal Trader,Container Ship,2024-05-10T10:00:00+00:00,15.448483,70.566917,18.0,90.0,90.0
419000222,MT Coastal Trader,Container Ship,2024-05-10T11:00:00+00:00,15.447473,70.87768,18.0,90.0,90.0
419000222,MT Coastal Trader,Container Ship,2024-05-10T12:00:00+00:00,15.45087,71.188443,18.0,90.0,90.0
419000222,MT Coastal Trader,Container Ship,2024-05-10T13:00:00+00:00,15.455552,71.499206,18.0,90.0,90.0
419000222,MT Coastal Trader,Container Ship,2024-05-10T14:00:00+00:00,15.457214,71.809969,18.0,90.0,90.0
419000222,MT Coastal Trader,Container Ship,2024-05-10T15:00:00+00:00,15.454328,72.120732,18.0,90.0,90.0
419000222,MT Coastal Trader,Container Ship,2024-05-10T16:00:00+00:00,15.449547,72.431495,18.0,90.0,90.0
419000222,MT Coastal Trader,Container Ship,2024-05-10T17:00:00+00:00,15.447267,72.742258,18.0,90.0,90.0
419000222,MT Coastal Trader,Container Ship,2024-05-10T18:00:00+00:00,15.449584,73.053021,18.0,90.0,90.0
419000222,MT Coastal Trader,Container Ship,2024-05-10T19:00:00+00:00,15.454368,73.363784,18.0,90.0,90.0
419000222,MT Coastal Trader,Container Ship,2024-05-10T20:00:00+00:00,15.45722,73.674547,18.0,90.0,90.0
419000333,MV Arabian Star,Bulk Carrier,2024-05-10T06:00:00+00:00,15.2,72.6,10.0,315.0,315.0
419000333,MV Arabian Star,Bulk Carrier,2024-05-10T07:00:00+00:00,15.317639,72.477921,10.0,315.0,315.0
419000333,MV Arabian Star,Bulk Carrier,2024-05-10T08:00:00+00:00,15.435279,72.355841,10.0,315.0,315.0
419000333,MV Arabian Star,Bulk Carrier,2024-05-10T09:00:00+00:00,15.552918,72.233762,10.0,315.0,315.0
419000333,MV Arabian Star,Bulk Carrier,2024-05-10T10:00:00+00:00,15.670557,72.111683,10.0,315.0,315.0
419000333,MV Arabian Star,Bulk Carrier,2024-05-10T15:00:00+00:00,16.258754,71.501287,10.0,315.0,315.0
419000333,MV Arabian Star,Bulk Carrier,2024-05-10T16:00:00+00:00,16.376393,71.379207,10.0,315.0,315.0
419000333,MV Arabian Star,Bulk Carrier,2024-05-10T17:00:00+00:00,16.494032,71.257128,10.0,315.0,315.0
419000333,MV Arabian Star,Bulk Carrier,2024-05-10T18:00:00+00:00,16.611672,71.135049,10.0,315.0,315.0
419000333,MV Arabian Star,Bulk Carrier,2024-05-10T19:00:00+00:00,16.729311,71.01297,10.0,315.0,315.0
419000333,MV Arabian Star,Bulk Carrier,2024-05-10T20:00:00+00:00,16.84695,70.89089,10.0,315.0,315.0
