mmsi,vessel_name,vessel_type,timestamp,latitude,longitude,sog_knots,cog_degrees
419071000,Dawn Kanchipuram,Product Tanker,2017-01-28T00:00:00+00:00,13.25,80.345,0.8,35.0
232004000,BW Maple,LPG Carrier,2017-01-28T00:00:00+00:00,13.255,80.35,8.5,70.0
419000123,Ocean Pride,Port Tug,2017-01-28T00:00:00+00:00,13.245,80.34,3.0,40.0
419071000,Dawn Kanchipuram,Product Tanker,2017-01-28T00:20:00+00:00,13.2506,80.3454,0.8,35.0
232004000,BW Maple,LPG Carrier,2017-01-28T00:20:00+00:00,13.257,80.355,8.5,70.0
419000123,Ocean Pride,Port Tug,2017-01-28T00:20:00+00:00,13.2455,80.3403,3.0,40.0
419071000,Dawn Kanchipuram,Product Tanker,2017-01-28T00:40:00+00:00,13.2512,80.3458,0.8,35.0
232004000,BW Maple,LPG Carrier,2017-01-28T00:40:00+00:00,13.259,80.36,8.5,70.0
419000123,Ocean Pride,Port Tug,2017-01-28T00:40:00+00:00,13.246,80.3406,3.0,40.0
419071000,Dawn Kanchipuram,Product Tanker,2017-01-28T01:00:00+00:00,13.2518,80.3462,0.8,35.0
232004000,BW Maple,LPG Carrier,2017-01-28T01:00:00+00:00,13.261,80.365,8.5,70.0
419000123,Ocean Pride,Port Tug,2017-01-28T01:00:00+00:00,13.2465,80.3409,3.0,40.0
419071000,Dawn Kanchipuram,Product Tanker,2017-01-28T01:20:00+00:00,13.2524,80.3466,0.8,35.0
232004000,BW Maple,LPG Carrier,2017-01-28T01:20:00+00:00,13.263,80.37,8.5,70.0
419000123,Ocean Pride,Port Tug,2017-01-28T01:20:00+00:00,13.247,80.3412,3.0,40.0
419071000,Dawn Kanchipuram,Product Tanker,2017-01-28T01:40:00+00:00,13.253,80.347,0.8,35.0
232004000,BW Maple,LPG Carrier,2017-01-28T01:40:00+00:00,13.265,80.375,8.5,70.0
419000123,Ocean Pride,Port Tug,2017-01-28T01:40:00+00:00,13.2475,80.3415,3.0,40.0
419071000,Dawn Kanchipuram,Product Tanker,2017-01-28T02:00:00+00:00,13.2536,80.3474,0.8,35.0
232004000,BW Maple,LPG Carrier,2017-01-28T02:00:00+00:00,13.267,80.38,8.5,70.0
419000123,Ocean Pride,Port Tug,2017-01-28T02:00:00+00:00,13.248,80.3418,3.0,40.0
419071000,Dawn Kanchipuram,Product Tanker,2017-01-28T02:20:00+00:00,13.2542,80.3478,0.8,35.0
232004000,BW Maple,LPG Carrier,2017-01-28T02:20:00+00:00,13.269,80.385,8.5,70.0
419000123,Ocean Pride,Port Tug,2017-01-28T02:20:00+00:00,13.2485,80.3421,3.0,40.0
419071000,Dawn Kanchipuram,Product Tanker,2017-01-28T02:40:00+00:00,13.2548,80.3482,0.8,35.0
232004000,BW Maple,LPG Carrier,2017-01-28T02:40:00+00:00,13.271,80.39,8.5,70.0
419000123,Ocean Pride,Port Tug,2017-01-28T02:40:00+00:00,13.249,80.3424,3.0,40.0
419071000,Dawn Kanchipuram,Product Tanker,2017-01-28T03:00:00+00:00,13.2554,80.3486,0.8,35.0
232004000,BW Maple,LPG Carrier,2017-01-28T03:00:00+00:00,13.273,80.395,8.5,70.0
419000123,Ocean Pride,Port Tug,2017-01-28T03:00:00+00:00,13.2495,80.3427,3.0,40.0
419071000,Dawn Kanchipuram,Product Tanker,2017-01-28T03:20:00+00:00,13.256,80.349,0.8,35.0
232004000,BW Maple,LPG Carrier,2017-01-28T03:20:00+00:00,13.275,80.4,8.5,70.0
419000123,Ocean Pride,Port Tug,2017-01-28T03:20:00+00:00,13.25,80.343,3.0,40.0
419071000,Dawn Kanchipuram,Product Tanker,2017-01-28T03:40:00+00:00,13.2566,80.3494,0.8,35.0
232004000,BW Maple,LPG Carrier,2017-01-28T03:40:00+00:00,13.277,80.405,8.5,70.0
419000123,Ocean Pride,Port Tug,2017-01-28T03:40:00+00:00,13.2505,80.3433,3.0,40.0
419071000,Dawn Kanchipuram,Product Tanker,2017-01-28T04:00:00+00:00,13.2572,80.3498,0.8,35.0
232004000,BW Maple,LPG Carrier,2017-01-28T04:00:00+00:00,13.279,80.41,8.5,70.0
419000123,Ocean Pride,Port Tug,2017-01-28T04:00:00+00:00,13.251,80.3436,3.0,40.0
419071000,Dawn Kanchipuram,Product Tanker,2017-01-28T04:20:00+00:00,13.2578,80.3502,0.8,35.0
232004000,BW Maple,LPG Carrier,2017-01-28T04:20:00+00:00,13.281,80.415,8.5,70.0
419000123,Ocean Pride,Port Tug,2017-01-28T04:20:00+00:00,13.2515,80.3439,3.0,40.0
419071000,Dawn Kanchipuram,Product Tanker,2017-01-28T04:40:00+00:00,13.2584,80.3506,0.8,35.0
232004000,BW Maple,LPG Carrier,2017-01-28T04:40:00+00:00,13.283,80.42,8.5,70.0
419000123,Ocean Pride,Port Tug,2017-01-28T04:40:00+00:00,13.252,80.3442,3.0,40.0
419071000,Dawn Kanchipuram,Product Tanker,2017-01-28T05:00:00+00:00,13.259,80.351,0.8,35.0
232004000,BW Maple,LPG Carrier,2017-01-28T05:00:00+00:00,13.285,80.425,8.5,70.0
419000123,Ocean Pride,Port Tug,2017-01-28T05:00:00+00:00,13.2525,80.3445,3.0,40.0
419071000,Dawn Kanchipuram,Product Tanker,2017-01-28T05:20:00+00:00,13.2596,80.3514,0.8,35.0
232004000,BW Maple,LPG Carrier,2017-01-28T05:20:00+00:00,13.287,80.43,8.5,70.0
419000123,Ocean Pride,Port Tug,2017-01-28T05:20:00+00:00,13.253,80.3448,3.0,40.0
419071000,Dawn Kanchipuram,Product Tanker,2017-01-28T05:40:00+00:00,13.2602,80.3518,0.8,35.0
232004000,BW Maple,LPG Carrier,2017-01-28T05:40:00+00:00,13.289,80.435,8.5,70.0
419000123,Ocean Pride,Port Tug,2017-01-28T05:40:00+00:00,13.2535,80.3451,3.0,40.0
419071000,Dawn Kanchipuram,Product Tanker,2017-01-28T06:00:00+00:00,13.2608,80.3522,0.8,35.0
232004000,BW Maple,LPG Carrier,2017-01-28T06:00:00+00:00,13.291,80.44,8.5,70.0
419000123,Ocean Pride,Port Tug,2017-01-28T06:00:00+00:00,13.254,80.3454,3.0,40.0
419071000,Dawn Kanchipuram,Product Tanker,2017-01-28T06:20:00+00:00,13.2614,80.3526,0.8,35.0
232004000,BW Maple,LPG Carrier,2017-01-28T06:20:00+00:00,13.293,80.445,8.5,70.0
419000123,Ocean Pride,Port Tug,2017-01-28T06:20:00+00:00,13.2545,80.3457,3.0,40.0
419071000,Dawn Kanchipuram,Product Tanker,2017-01-28T06:40:00+00:00,13.262,80.353,0.8,35.0
232004000,BW Maple,LPG Carrier,2017-01-28T06:40:00+00:00,13.295,80.45,8.5,70.0
419000123,Ocean Pride,Port Tug,2017-01-28T06:40:00+00:00,13.255,80.346,3.0,40.0
419071000,Dawn Kanchipuram,Product Tanker,2017-01-28T07:00:00+00:00,13.2626,80.3534,0.8,35.0
232004000,BW Maple,LPG Carrier,2017-01-28T07:00:00+00:00,13.297,80.455,8.5,70.0
419000123,Ocean Pride,Port Tug,2017-01-28T07:00:00+00:00,13.2555,80.3463,3.0,40.0
419071000,Dawn Kanchipuram,Product Tanker,2017-01-28T07:20:00+00:00,13.2632,80.3538,0.8,35.0
232004000,BW Maple,LPG Carrier,2017-01-28T07:20:00+00:00,13.299,80.46,8.5,70.0
419000123,Ocean Pride,Port Tug,2017-01-28T07:20:00+00:00,13.256,80.3466,3.0,40.0
419071000,Dawn Kanchipuram,Product Tanker,2017-01-28T07:40:00+00:00,13.2638,80.3542,0.8,35.0
232004000,BW Maple,LPG Carrier,2017-01-28T07:40:00+00:00,13.301,80.465,8.5,70.0
419000123,Ocean Pride,Port Tug,2017-01-28T07:40:00+00:00,13.2565,80.3469,3.0,40.0
419071000,Dawn Kanchipuram,Product Tanker,2017-01-28T08:00:00+00:00,13.2644,80.3546,0.8,35.0
232004000,BW Maple,LPG Carrier,2017-01-28T08:00:00+00:00,13.303,80.47,8.5,70.0
419000123,Ocean Pride,Port Tug,2017-01-28T08:00:00+00:00,13.257,80.3472,3.0,40.0
